0, 0, Die Rote, Fairy tale, Patrick Götzelmann, 158, Weingarten Verlag, Thu Aug 22 00:14:22 CEST 3912, 0.0
1, 0, Der Verdacht, Legend, Lea Mächtig, 519, Beltz-Verlag, Mon Jan 08 04:13:14 CET 3912, 0.0
2, 0, Der Zauberberg, Crime/Detective, Lilith Ruth, 183, Literarisches Comptoir Zürich und Winterthur, Thu Apr 08 05:08:45 CEST 3909, 0.0
3, 0, Lenz, Short story, Tina Wessinghage, 684, Aula-Verlag, Sun Jun 02 13:15:57 CEST 3907, 0.0
4, 1, Das Boot, Mystery, Baron Dennis von der Koj, 368, Neumann Verlag, Thu Dec 25 22:58:10 CET 3913, 0.0
5, 1, Kabale und Liebe, Speech, Theodor Hahn, 671, Conrad Stein Verlag, Sat Jun 03 05:41:04 CEST 3916, 0.0
6, 1, Fabian, Fairy tale, Baronin Nathanael Lindenmayer, 348, Metropolis, Fri Dec 26 00:33:37 CET 3902, 0.0
7, 1, Mephisto, Western, Henrik Battke, 421, Konradin Mediengruppe, Fri Jul 07 11:06:44 CEST 3905, 0.0
8, 1, Der Ausflug der toten Mädchen, Historical fiction, Freiherrin Lillian zu Plank, 563, Schott Music, Mon Nov 27 11:03:07 CET 3911, 0.0
9, 1, Die Lehre der Sainte-Victoire, Western, Deniz Zeidler, 863, Black Ink Verlag, Wed Jun 26 18:38:27 CEST 3907, 0.0
10, 1, Der abenteuerliche Simplicissimus, Reference book, Ferdinand Hügel, 112, Kulturmaschinen, Mon Dec 11 23:29:32 CET 3911, 0.0
11, 1, Die Aufzeichnungen des Malte Laurids Brigge, Mythopoeia, Dana Barr, 470, W. Zuckschwerdt Verlag GmbH, Sun Oct 07 21:37:33 CEST 3917, 0.0
12, 1, Mephisto, Mystery, Mariella Dautzenberg, 941, Andere Zeiten, Sun Dec 31 21:14:46 CET 3905, 0.0
13, 2, Woyzeck, Mythopoeia, Dominic Schlachter, 427, Stachelbart-Verlag, Wed Mar 07 12:47:46 CET 3917, 0.0
14, 2, Die verlorene Ehre der Katharina Blum, Speech, Rasmus Greithanner, 578, Mosaik Steinchen für Steinchen Verlag, Sun Dec 31 03:25:28 CET 3911, 0.0
15, 3, Die Rote, Legend, Taha Schwandke, 875, Andiamo Verlag, Tue Sep 18 09:27:39 CEST 3900, 0.0
16, 3, Der Goldene Topf, Classic, Lindsay von der Grasse, 876, Cosmos-Verlag, Mon Apr 23 20:45:26 CEST 3917, 0.0
17, 4, Der Stechlin, Fiction narrative, Graf Eleonora von Fleischer, 297, ça ira Verlag, Wed Jan 09 03:09:31 CET 3907, 0.0
18, 4, Die Waffen nieder!, Humor, Svea Forst, 558, Conrad Stein Verlag, Mon Apr 14 13:05:17 CEST 3902, 0.0
19, 4, Damals war es Friedrich, Metafiction, Dr. Alissa Hort, 931, Verlag Ch. Möllmann, Sun Jan 10 12:27:00 CET 3904, 0.0
20, 4, Wer einmal aus dem Blechnapf frisst, Western, Henri Lenz, 677, hep verlag, Fri Mar 03 21:01:55 CET 3911, 0.0
21, 4, Hyperion oder der Eremit in Griechenland, Biography/Autobiography, Laurens Barylla, 744, Splitter, Thu Nov 27 05:12:05 CET 3902, 0.0
22, 4, Effi Briest, Humor, Yusuf vom Bozsik, 226, BPX Edition, Wed Oct 23 01:52:10 CEST 3912, 0.0
23, 4, Wilhelm Meisters Wanderjahre oder die Entsagenden, Fiction in verse, Vito Lübke, 936, Spitta-Verlag, Mon Jan 26 14:43:57 CET 3914, 0.0
24, 5, Romulus der Große, Classic, Nicolai Waschbüsch, 347, Zauberkreis Verlag, Fri Dec 20 10:03:28 CET 3907, 0.0
25, 5, Romulus der Große, Narrative nonfiction, Maya Renk, 446, Wieser Verlag, Wed Jul 21 20:03:51 CEST 3915, 0.0
26, 5, Kabale und Liebe, Narrative nonfiction, Jens Maier, 571, IDEA Verlag, Wed Sep 23 02:21:37 CEST 3914, 0.0
27, 5, Damals war es Friedrich, Science fiction, Nikolai von der Bauermeister, 338, Silberburg-Verlag, Wed Mar 17 04:11:27 CET 3915, 0.0
28, 6, Des Teufels General, Metafiction, Lee Walther, 282, Das Arsenal, Tue Mar 05 00:36:39 CET 3912, 0.0
29, 7, Die Welt als Wille & Wahn, Science fiction, Magdalena Barth, 805, Carl-Auer-Verlag, Tue May 07 08:02:59 CEST 3901, 0.0
30, 7, Die Aufzeichnungen des Malte Laurids Brigge, Short story, Freiherrin Janina Brauer, 32, Black Ink Verlag, Tue Jun 09 06:20:06 CEST 3908, 0.0
31, 7, Der Tod in Venedig und andere Erzählungen, Metafiction, Dr. Pepe Bartels, 10, Black Ink Verlag, Tue Jan 21 01:30:07 CET 3908, 0.0
32, 7, Über das Studium der griechischen Poesie, Fiction in verse, Felix zu Leist, 431, Forum Media Group, Sat Sep 17 11:12:53 CEST 3904, 0.0
33, 8, Das Parfum, Metafiction, Baron Anneke Cierpinski, 120, Kohl Verlag, Fri Dec 02 14:58:36 CET 3910, 0.0
34, 8, Romulus der Große, Fiction narrative, Ludwig Reichardt, 770, Burda Verlag, Tue Oct 29 20:40:16 CET 3912, 0.0
35, 8, Die Blechtrommel, Essay, Julienne Beele, 87, J. G. Oncken Nachf., Mon Jun 06 15:08:04 CEST 3910, 0.0
36, 8, Ehen in Philippsburg, Mythology, Batuhan Bode, 800, Mosquito Verlag, Thu Mar 02 02:10:48 CET 3905, 0.0
37, 8, Wilhelm Meisters Wanderjahre oder die Entsagenden, Humor, Baronin Aurora von Renk, 780, Promedia Verlag, Tue Jul 06 20:44:54 CEST 3915, 0.0
38, 8, Der Prozess, Mythopoeia, Baron Anabel Moormann, 54, Panini Verlag, Fri Aug 04 20:28:55 CEST 3911, 0.0
39, 8, Der Sandmann, Folklore, Tjark Mayer, 625, Peter Hammer Verlag, Wed Jan 25 13:29:40 CET 3905, 0.0
40, 8, Der Mann ohne Eigenschaften, Realistic fiction, Sabrina Hessek, 173, E. Schweizerbart’sche Verlagsbuchhandlung, Fri Nov 07 15:29:29 CET 3913, 0.0
41, 9, Traumnovelle/Die Braut, Western, Tamara Conrad, 655, Neumann Verlag, Sat Oct 12 20:22:08 CEST 3912, 0.0
42, 9, Paare, Passanten, Biography/Autobiography, Ariane von Molitor, 159, Horlemann Verlag, Sat Jul 08 03:59:33 CEST 3905, 0.0
43, 9, Der Spaziergang, Fable, Wibke Freimuth, 631, Ritter Verlag, Wed Nov 01 09:40:30 CET 3911, 0.0
44, 9, Schachnovelle, Western, Rosa zu Haug, 684, Rowohlt Verlag, Thu Apr 24 09:23:15 CEST 3902, 0.0
45, 9, Till Eulenspiegel, Biography/Autobiography, Lenn Dauer, 587, Edition AV, Mon Oct 15 05:16:30 CEST 3900, 0.0
46, 9, Mutter Courage und ihre Kinder, Fairy tale, Baronin Samuel von Karhoff, 866, Ontos Verlag, Sat May 12 23:52:25 CEST 3917, 0.0
47, 9, Der geteilte Himmel, Legend, Richard Bode, 227, Nomos Verlag, Wed Feb 28 14:28:45 CET 3912, 0.0
48, 9, Der Vulkan, Historical fiction, Lavinia vom Riekmann, 564, Bruno Gmünder Verlag, Sat Jan 23 19:11:39 CET 3904, 0.0
49, 9, Die Box, Mythology, Prof. Dr. Dr. Salome Karhoff, 545, Greifenverlag, Fri Jan 24 18:04:55 CET 3902, 0.0
50, 10, Der Steppenwolf, Suspense/Thriller, Graf Ayse Lufft, 959, Verlag Friedrich Pustet, Wed Mar 25 08:54:18 CET 3914, 0.0
51, 10, Der Vorleser, Mythopoeia, Timo Denner, 663, Kawohl-Verlag, Sun Dec 13 23:47:28 CET 3903, 0.0
52, 10, Der Stechlin, Historical fiction, Ludwig Görlich, 937, Musikverlag M. P. Belaieff, Mon Feb 07 02:15:36 CET 3910, 0.0
53, 10, Minna von Barnhelm, Biography/Autobiography, Dr. Amina Kovacs, 911, Rowohlt Verlag, Mon Jun 11 11:12:50 CEST 3900, 0.0
54, 10, Dantons Tod, Historical fiction, Baron Kimberley Hoffmann, 449, Amalthea Signum Verlag, Wed Aug 04 11:41:38 CEST 3909, 0.0
55, 10, Wer einmal aus dem Blechnapf frisst, Suspense/Thriller, Robin Schottmann, 28, Joh. Brendow & Sohn Verlag, Thu Nov 09 16:07:43 CET 3916, 0.0
56, 10, Das Versprechen, Mythology, Graf Leonardo vom Tischmann, 849, Callwey Verlag, Sun Jul 19 05:00:51 CEST 3914, 0.0
57, 10, Der arme Spielmann, Classic, Enna Heuck, 116, Andere Zeiten, Fri Sep 02 23:36:54 CEST 3910, 0.0
58, 11, Minna von Barnhelm, Tall tale, Gräfin Leopold Heidelmann, 350, Mercator-Verlag, Tue Nov 07 16:02:55 CET 3911, 0.0
59, 11, Der abenteuerliche Simplicissimus, Humor, Prof. Dr. Sandra Zender, 495, Ritter Verlag, Tue Sep 27 05:30:02 CEST 3910, 0.0
60, 12, Sansibar oder der letzte Grund, Essay, Gräfin Nele Tilgner, 332, Isensee Verlag, Sun Sep 29 15:11:25 CEST 3907, 0.0
61, 12, Homo faber, Western, Freiherrin Thorge von der Plauk, 102, Edition YE, Sat Jun 29 07:07:17 CEST 3912, 0.0
62, 12, Der Besuch der alten Dame, Comic/Graphic Novel, Marla Pichlmaier, 423, Wiley-VCH Verlag, Mon Aug 20 01:19:15 CEST 3906, 0.0
63, 12, Dantons Tod, Horror, Philipp vom Kisabaka, 913, Verlag Dr. Kova?, Tue Apr 03 08:30:02 CEST 3900, 0.0
64, 12, Der Goldene Topf, Classic, Theresa Töpfer, 226, MairDumont, Thu Jul 05 05:44:23 CEST 3917, 0.0
65, 12, Hyperion oder der Eremit in Griechenland, Fanfiction, Freiherr Emilian zu Badane, 295, transcript Verlag, Sat Sep 21 14:09:15 CEST 3901, 0.0
66, 12, Wer einmal aus dem Blechnapf frisst, Tall tale, Charlie Retzke, 758, Lusatia Verlag, Sat Sep 25 05:29:42 CEST 3909, 0.0
67, 12, Die Marquise von O..., Narrative nonfiction, Lionel von der Klinger, 282, NDV Neue Darmstädter Verlagsanstalt, Sun Feb 28 17:32:56 CET 3909, 0.0
68, 12, Vor Sonnenaufgang, Mythopoeia, Fr. Allegra Kovacs, 136, Kladdebuchverlag, Thu Aug 23 01:03:54 CEST 3917, 0.0
69, 13, Winnetou, Textbook, Furkan von der Hansen, 870, Primus Verlag, Tue Aug 20 18:45:40 CEST 3912, 0.0
70, 13, Franziska Linkerhand, Classic, Luise Isekenmeier, 989, Ulrike Helmer Verlag, Sun May 26 12:19:06 CEST 3907, 0.0
71, 13, Das Parfum, Short story, Dr. Janek Schönbeck, 674, Dieterich’sche Verlagsbuchhandlung, Sat Aug 19 06:11:51 CEST 3911, 0.0
72, 13, Faserland, Realistic fiction, Maddox von Effler, 196, Zauberkreis Verlag, Mon Nov 29 12:09:21 CET 3909, 0.0
73, 13, Lenz, Fanfiction, Mayra Muckenthaler, 468, MairDumont, Wed Jun 11 00:47:50 CEST 3902, 0.0
74, 15, Stolz und Vorurteil, Mythopoeia, Marek Schreiner, 425, Verlag Herder, Wed Jan 17 09:37:40 CET 3900, 0.0
75, 15, Ganz unten, Biography/Autobiography, Jenny Stenzel, 442, Literarisches Comptoir Zürich und Winterthur, Sat Sep 20 13:01:00 CEST 3902, 0.0
76, 15, Der Stellvertreter, Crime/Detective, Fr. Marina Fricke, 305, Spektrum Akademischer Verlag, Tue Nov 12 20:02:58 CET 3907, 0.0
77, 15, Minna von Barnhelm, Reference book, Ramon Gross, 939, Greifenverlag, Fri Mar 07 01:56:39 CET 3902, 0.0
78, 15, Die unendliche Geschichte, Legend, Hr. Damian Krabbe, 67, Severus Verlag, Sat Mar 31 23:04:36 CEST 3906, 0.0
79, 15, Eiche und Angora, Textbook, Baron Corvin vom Schumann, 966, Zauberkreis Verlag, Sun Apr 23 03:49:50 CEST 3905, 0.0
80, 15, Nathan der Weise, Textbook, Jimmy Schouren, 652, Greifenverlag, Mon Oct 14 07:12:53 CEST 3912, 0.0
81, 15, Der arme Spielmann, Realistic fiction, Liliana Harter, 535, Athesia, Wed Nov 26 02:11:24 CET 3902, 0.0
82, 15, Der Untertan, Biography/Autobiography, Fr. Line Willwacher, 566, Musikverlag M. P. Belaieff, Fri Apr 29 08:22:43 CEST 3904, 0.0
83, 16, Der Vorleser, Fairy tale, Freiherrin Felicia Bozsik, 527, edition taberna kritika, Tue Mar 16 05:10:49 CET 3915, 0.0
84, 16, Die Rote, Fiction in verse, Graf Kimi Dertmann, 202, Athesia, Fri May 03 06:24:16 CEST 3912, 0.0
85, 17, Faust, Part I, Metafiction, Dr. Helena Hensel, 758, Styria Medien AG, Wed Apr 01 09:17:53 CEST 3908, 0.0
86, 17, Cleopatra, Mystery, Janina Bielert, 809, Memento Verlag, Wed Jul 29 02:54:08 CEST 3903, 0.0
87, 17, Lerne lachen ohne zu weinen, Fanfiction, Ariana Pajonk, 258, Arbeitsgemeinschaft für zeitgemäßes Bauen, Wed Mar 15 23:56:02 CET 3916, 0.0
88, 17, Schachnovelle, Classic, Benedikt von der Konieczny, 674, Velbrück Wissenschaft, Tue Oct 20 01:35:50 CEST 3908, 0.0
89, 18, Wilhelm Meisters Wanderjahre oder die Entsagenden, Mythology, Giuliano Obergföll, 635, Open House Verlag, Thu Nov 21 19:55:59 CET 3912, 0.0
90, 18, Im Westen nichts Neues, Textbook, Baron Willy zu Kúhnert, 41, Lusatia Verlag, Sun Oct 18 13:12:09 CEST 3914, 0.0
91, 18, Minna von Barnhelm, Fairy tale, Bilal Pflügner, 968, Aisthesis Verlag, Mon Jan 16 14:51:12 CET 3911, 0.0
92, 18, Die Aufzeichnungen des Malte Laurids Brigge, Biography/Autobiography, Gianluca Porth, 107, Arco Verlag, Tue Jul 09 09:24:12 CEST 3912, 0.0
93, 19, Nathan der Weise, Comic/Graphic Novel, Sidney von Schwarzer, 328, Prisma Verlag, Thu Sep 16 21:21:28 CEST 3915, 0.0
94, 19, Der Sandmann, Fanfiction, Baronin Alexis vom Reichel, 248, Claassen-Verlag, Sat Aug 12 07:32:42 CEST 3916, 0.0
95, 19, Effi Briest, Reference book, Gräfin Ali vom Heidler, 167, Verlag Rosa Winkel, Mon Oct 14 14:39:23 CEST 3912, 0.0
96, 19, Der abenteuerliche Simplicissimus, Narrative nonfiction, Freiherrin Thorge Dethloff, 557, SCM-Verlag, Tue Nov 17 00:22:42 CET 3908, 0.0
97, 19, Das Versprechen, Horror, Karina Schouren, 33, Aula-Verlag, Fri Oct 28 06:30:05 CEST 3910, 0.0
98, 19, Ende einer Dienstfahrt, Folklore, Luca Schlachter, 323, Kairos Edition, Mon Sep 22 14:21:47 CEST 3902, 0.0
99, 19, Leben des Galilei, Realistic fiction, Baron Rahel Hoffman, 153, Munzinger-Archiv, Sat Aug 05 23:08:25 CEST 3905, 0.0
100, 21, Winnetou II, Fanfiction, Graf Josua von der Engelmann, 963, Edition YE, Sat Feb 22 19:02:28 CET 3902, 0.0
101, 21, Hyperion oder der Eremit in Griechenland, Horror, Dorian von Buss, 893, Folgen Verlag, Tue Aug 25 15:15:23 CEST 3908, 0.0
102, 21, Deutschland. Ein Wintermärchen, Biography/Autobiography, Cem Hahn, 653, Andiamo Verlag, Tue Jan 01 19:42:38 CET 3907, 0.0
103, 21, Der Prozess, Fantasy, Freiherr Ecrin Orthmann, 120, Bastei Lübbe Verlag, Mon May 23 01:50:47 CEST 3910, 0.0
104, 22, Schachnovelle, Tall tale, Niclas Döbel, 36, NV-Verlag, Fri Dec 12 08:12:15 CET 3913, 0.0
105, 23, Deutschland. Ein Wintermärchen, Fantasy, Carlotta Saile, 465, Henschel Musik, Mon Oct 28 09:21:41 CET 3912, 0.0
106, 23, Frühlings Erwachen, Reference book, Muhammed Döring, 136, Hueber Verlag, Fri May 27 16:34:13 CEST 3910, 0.0
107, 23, Der zerbrochene Krug, Folklore, Gräfin Felina Scheurer, 432, Wochenschau Verlag, Sun Nov 26 09:35:35 CET 3916, 0.0
108, 23, Maria Stuart, Science fiction, Freiherrin Brigitte vom Bönisch, 926, hep verlag, Mon Apr 12 18:53:35 CEST 3909, 0.0
109, 24, Die zärtlichen Schwestern, Legend, Dipl.-Ing. Stella Grün, 703, Kehrer Verlag, Mon Nov 10 08:20:30 CET 3913, 0.0
110, 24, Der Stellvertreter, Legend, Janosch Conrad, 985, Das Wort, Fri Dec 06 18:00:33 CET 3907, 0.0
111, 24, Traumnovelle/Die Braut, Crime/Detective, Dr. Mara Leberer, 710, Rhein Ruhr Verlag, Thu Dec 27 16:45:04 CET 3906, 0.0
112, 25, Jedermann, Comic/Graphic Novel, Prof. Dominic Seiders, 940, Friedrich Verlag, Thu Nov 14 19:23:01 CET 3912, 0.0
113, 26, Winnetou, Suspense/Thriller, Jonathan Reusse, 535, Edition Gorz, Thu Dec 17 14:48:14 CET 3908, 0.0
114, 26, Sansibar oder der letzte Grund, Textbook, Nelly Haschke, 274, Edition Phantasia, Sat Mar 18 02:18:32 CET 3911, 0.0
115, 26, Mario und der Zauberer, Mythopoeia, Baron Emil Jürgens, 550, Badischer Verlag, Thu Jan 24 13:53:02 CET 3901, 0.0
116, 26, Der geteilte Himmel, Fairy tale, Bent Schrader, 183, Cosmos-Verlag, Thu Dec 27 04:47:51 CET 3906, 0.0
117, 27, Emilia Galotti, Reference book, Joe Feller, 922, Isensee Verlag, Thu Feb 11 02:34:00 CET 3915, 0.0
118, 27, Minna von Barnhelm, Mythopoeia, Graf Finia Giesche, 871, Schott Music, Mon Dec 06 09:56:21 CET 3909, 0.0
119, 27, Das Boot, Fanfiction, Nicole zu Brenner, 202, Mosquito Verlag, Wed Mar 22 07:51:21 CET 3911, 0.0
120, 28, Die Erschiessung des Landesverräters Ernst S., Realistic fiction, Baronin Brian Marner, 438, Wochenschau Verlag, Mon Aug 08 03:59:56 CEST 3910, 0.0
121, 28, Eiche und Angora, Horror, Rayan von Schwarzmeier, 854, Dieterich’sche Verlagsbuchhandlung, Mon Feb 12 17:16:28 CET 3900, 0.0
122, 28, Biedermann und die Brandstifter, Realistic fiction, Alica Müller, 510, Wieser Verlag, Tue Dec 23 04:34:37 CET 3902, 0.0
123, 29, Romeo und Julia auf dem Dorfe, Classic, Baronin Stella Siewert, 49, Deutscher Verlag der Wissenschaften, Thu Mar 15 11:12:49 CET 3906, 0.0
124, 29, Götz von Berlichingen, Realistic fiction, Ismail Reifenrath, 89, Verlagsgruppe Husum, Wed Dec 31 08:26:26 CET 3913, 0.0
125, 29, Der Tor und der Tod, Crime/Detective, Jonah Umbach, 819, Ernst & Sohn, Thu Dec 31 09:21:54 CET 3903, 0.0
126, 29, Die Panne, Crime/Detective, Josefin Van, 201, Weingarten Verlag, Wed Nov 01 08:59:33 CET 3916, 0.0
127, 29, Winnetou, Historical fiction, Patrick Barth, 203, Bibliographisches Institut, Sun Oct 22 22:15:07 CEST 3916, 0.0
128, 29, Der Tor und der Tod, Folklore, Freiherrin Isabella von Stolz, 761, Transpress Verlag, Thu Aug 02 10:59:55 CEST 3917, 0.0
129, 29, Der gute Mensch von Sezuan, Textbook, Hannes Schellenbeck, 63, Das Arsenal, Sun Jul 21 11:17:04 CEST 3912, 0.0
130, 30, Homo faber, Classic, Melisa Schima, 11, Bonnier, Fri Apr 25 16:40:23 CEST 3913, 0.0
131, 30, Die Panne, Mythopoeia, Freiherr Abigail Schindzielorz, 421, Ararat-Verlag, Tue Jan 21 19:41:09 CET 3908, 0.0
132, 30, Der grüne Heinrich, Essay, Sami Heist, 858, YinYang Media Verlag, Fri Jun 09 18:00:22 CEST 3916, 0.0
133, 30, Faust, Part I, Horror, Nicolai vom Albrecht, 969, Horlemann Verlag, Mon Oct 18 02:27:38 CEST 3915, 0.0
134, 31, Der Augenblick der Liebe, Fiction in verse, Moritz von der Uhlig, 895, Ernst Eulenburg, Sun Feb 07 19:52:07 CET 3904, 0.0
135, 31, Das Schiff Esperanza, Metafiction, Alfred Gratzky, 355, Friedrich Verlag, Mon Apr 22 19:01:14 CEST 3901, 0.0
136, 32, Mephisto, Horror, Svenja Schilling, 739, Atlas Verlag, Mon Apr 20 01:13:36 CEST 3908, 0.0
137, 32, Über das Studium der griechischen Poesie, Fable, Fine Behr, 89, Shaker Verlag, Sun Sep 04 15:04:46 CEST 3904, 0.0
138, 32, Wilhelm Meisters Wanderjahre oder die Entsagenden, Mystery, Nika Krieger, 942, YinYang Media Verlag, Wed Jun 18 18:27:14 CEST 3913, 0.0
139, 32, Ein fliehendes Pferd, Suspense/Thriller, Mick Tegethof, 271, Pattloch Verlag, Wed Jan 24 08:49:12 CET 3912, 0.0
140, 32, Die Physiker, Biography/Autobiography, Nikita von der Niedermeier, 367, Konradin Mediengruppe, Wed Dec 27 09:34:37 CET 3905, 0.0
141, 32, Der arme Spielmann, Fairy tale, Etienne Horak, 280, E. Schweizerbart’sche Verlagsbuchhandlung, Tue Jun 04 03:38:18 CEST 3907, 0.0
142, 32, Jedermann, Biography/Autobiography, Diego Rosenauer, 722, Spitta-Verlag, Mon Jun 03 04:08:12 CEST 3901, 0.0
143, 32, Haus ohne Hüter, Tall tale, Lars Schielke, 949, Edition Gorz, Fri Jun 15 01:49:18 CEST 3900, 0.0
144, 32, Der Tod in Venedig und andere Erzählungen, Legend, Liv Leist, 977, Gerstenberg Verlag, Wed Feb 09 20:29:39 CET 3916, 0.0
145, 33, Das Versprechen, Historical fiction, Baronin Carmen zu Herrmann, 737, Verlag Deutsche Polizeiliteratur, Sun Mar 11 22:00:34 CET 3900, 0.0
146, 33, Frühlings Erwachen, Textbook, Karim von Daum, 204, Friedrich Verlag, Wed Jun 16 18:33:55 CEST 3909, 0.0
147, 34, Leben des Galilei, Narrative nonfiction, Prof. Dr. Dr. Aliyah Weigel, 293, Alibri Verlag, Tue Aug 08 11:14:31 CEST 3916, 0.0
148, 34, Das Boot, Metafiction, Ana vom Nussbeck, 435, Morstadt Verlag, Thu Aug 26 10:25:33 CEST 3915, 0.0
149, 34, Die neuen Leiden des jungen Werthers, Short story, Joshua Moguenara, 925, Spitta-Verlag, Thu Sep 19 04:07:56 CEST 3907, 0.0
150, 34, Iphigenie auf Tauris, Fanfiction, Maksim Lipus, 419, Hamburger Lesehefte, Fri Nov 22 08:35:00 CET 3912, 0.0
151, 34, Der Prozess, Reference book, Hr. Helen Stern, 888, Aula-Verlag, Thu Mar 03 17:15:25 CET 3904, 0.0
152, 34, Emilia Galotti, Horror, Milla Schönfeld, 941, Ecowin Verlag, Sat Sep 21 09:29:52 CEST 3901, 0.0
153, 34, Die unendliche Geschichte, Textbook, Fr. Laureen Vahlensieck, 883, Pattloch Verlag, Mon Apr 16 09:06:21 CEST 3917, 0.0
154, 34, Jedermann, Horror, Lian Gruber, 621, Verlag Herder, Tue Jul 24 14:01:56 CEST 3906, 0.0
155, 35, Panter, Tiger & Co., Mythology, Franz Schultz, 631, J. G. Oncken Nachf., Thu Jan 23 09:22:27 CET 3908, 0.0
156, 35, Der Schimmelreiter, Biography/Autobiography, Cindy Alizadeh, 687, Verlagsgruppe Husum, Sun Jul 11 03:20:50 CEST 3915, 0.0
157, 35, Es geschah im Nachbarhaus, Folklore, Baron Vanessa vom Hütter, 592, Weger Verlag, Tue Aug 30 12:08:40 CEST 3904, 0.0
158, 35, Till Eulenspiegel, Biography/Autobiography, Stephanie Dilla, 451, Zwiebelzwerg Verlag, Fri Dec 07 16:41:54 CET 3917, 0.0
159, 35, Romeo und Julia auf dem Dorfe, Science fiction, Freiherr Ben Borsch, 874, Mosquito Verlag, Sat Dec 12 23:40:17 CET 3914, 0.0
160, 35, Der Brief des Lord Chandos, Fairy tale, Lenya Lenzen, 21, Literarisches Comptoir Zürich und Winterthur, Fri May 16 11:00:26 CEST 3913, 0.0
161, 35, Winnetou II, Tall tale, Baronin Sandro zu Burghagen, 418, Akademische Druck- und Verlagsanstalt, Mon Sep 29 12:35:50 CEST 3913, 0.0
162, 35, Mario und der Zauberer, Biography/Autobiography, Freiherrin Elijah von der Knoblich, 336, Atlas Verlag, Tue Sep 15 05:19:22 CEST 3908, 0.0
163, 35, Iphigenie auf Tauris, Biography/Autobiography, Gräfin Marleen von der Derr, 877, Velbrück Wissenschaft, Tue Feb 29 08:41:18 CET 3916, 0.0
164, 36, Lerne lachen ohne zu weinen, Fantasy, Miguel Klabuhn, 399, E. Schweizerbart’sche Verlagsbuchhandlung, Tue Aug 03 16:37:30 CEST 3909, 0.0
165, 36, Mario und der Zauberer, Textbook, Jermaine Rau, 807, Verlagsgruppe Husum, Mon Feb 16 12:44:25 CET 3914, 0.0
166, 36, Heinrich von Ofterdingen, Short story, Johnny zu Ritter, 499, IKS Garamond Verlag, Sat Jan 11 06:43:43 CET 3902, 0.0
167, 37, Siddhartha, Humor, Gina zu Betz, 186, Burda Verlag, Thu Apr 13 11:57:34 CEST 3905, 0.0
168, 38, Der Vorleser, Fantasy, Malia Tsamonikian, 85, MairDumont, Fri Dec 24 03:12:34 CET 3915, 0.0
169, 38, Catharina von Georgien, Fantasy, Freiherrin Vivian von der Strogies, 69, Literaturverlag Droschl, Tue May 21 09:39:24 CEST 3907, 0.0
170, 38, Biedermann und die Brandstifter, Essay, Freiherrin Yaren von Giesche, 78, Severus Verlag, Sat Apr 14 09:56:36 CEST 3917, 0.0
171, 38, Die Marquise von O..., Horror, Lilian Roloff, 429, Panini Verlag, Fri Jun 29 01:10:03 CEST 3900, 0.0
172, 38, Italienische Reise, Realistic fiction, Mick Leo, 60, Allgemeine Ortskrankenkasse, Sat Sep 24 00:03:00 CEST 3910, 0.0
173, 38, Der zerbrochene Krug, Fable, Marlo Plautz, 142, Luchterhand Fachverlag, Wed Jul 18 05:12:01 CEST 3906, 0.0
174, 38, Es geschah im Nachbarhaus, Legend, Quentin Axmann, 949, Prisma Verlag, Mon Dec 27 16:43:22 CET 3915, 0.0
175, 39, Der Schimmelreiter, Reference book, Graf Madleen Lauinger, 883, Sonnenberg Verlag, Thu Aug 15 19:45:28 CEST 3901, 0.0
176, 39, Der veruntreute Himmel, Western, Charleen Uhrig, 740, Rudolf Haufe Verlag, Sat Jan 25 20:26:17 CET 3913, 0.0
177, 39, Der Augenblick der Liebe, Fairy tale, Svenja Moguenara, 469, Literaturverlag Droschl, Mon Aug 10 10:56:15 CEST 3903, 0.0
178, 39, Der zerbrochene Krug, Narrative nonfiction, Prof. Dr. Dr. Steven Ladewig, 428, Hamburger Edition, Mon Nov 06 23:54:35 CET 3911, 0.0
179, 39, Siddhartha, Fantasy, Amina Keiner, 531, Bärenreiter-Verlag, Wed Jan 03 14:36:41 CET 3917, 0.0
180, 39, Die zärtlichen Schwestern, Metafiction, Tillmann Höft, 906, Arbeitsgemeinschaft für zeitgemäßes Bauen, Tue Jan 12 17:59:27 CET 3904, 0.0
181, 39, Lenz, Tall tale, Freiherr Pierre zu Ibe, 220, Südwest-Verlag, Tue Oct 15 22:14:15 CEST 3912, 0.0
182, 39, Woyzeck, Fanfiction, Rania Gebhardt, 370, Aula-Verlag, Sun Nov 08 05:18:09 CET 3914, 0.0
183, 40, Die Dreigroschenoper, Biography/Autobiography, Freiherr Ahmad vom Kahles, 116, Paul Parey Verlag, Tue Jul 23 07:48:11 CEST 3907, 0.0
184, 40, Der Sandmann, Western, Prof. Livia Thyssen, 114, Deutscher Wissenschafts-Verlag, Sat Sep 01 05:14:12 CEST 3917, 0.0
185, 40, Die Buddenbrooks, Folklore, Hr. Marlon Knoll, 926, Persen Verlag, Sat Jan 12 09:35:35 CET 3907, 0.0
186, 40, Aus dem Leben eines Taugenichts, Tall tale, Jane von Knut, 518, J. F. Ziegler KG Druckerei und Verlag, Sun Feb 08 09:12:03 CET 3903, 0.0
187, 40, Der zerbrochene Krug, Classic, Fabienne zu Kappler, 732, Brighton Verlag, Sat Mar 11 02:10:52 CET 3916, 0.0
188, 41, Der (kleine) Schatz im Kugelbauch, Folklore, Jeremie Schottmann, 147, Deutscher Verlag der Wissenschaften, Fri Jun 10 02:51:12 CEST 3910, 0.0
189, 41, Der Prozess, Folklore, Vivian Linke, 418, Edition YE, Thu Jul 26 20:54:56 CEST 3917, 0.0
190, 43, Leben des Galilei, Fiction in verse, Ela Koczulla, 257, Dietrich Reimer Verlag, Wed Jun 30 10:50:37 CEST 3915, 0.0
191, 43, Die Lehre der Sainte-Victoire, Horror, Freiherrin Luk Brömme, 263, Ernst Eulenburg, Thu Jan 05 03:30:55 CET 3905, 0.0
192, 43, Die Rote, Metafiction, Baronin Luana Panzig, 404, Callwey Verlag, Sun Jul 20 12:40:26 CEST 3902, 0.0
193, 43, Winnetou, Reference book, Kathrin Marten, 489, Henschel Musik, Wed May 17 13:55:50 CEST 3905, 0.0
194, 43, Tauben im Gras, Short story, Bent Brauer, 518, transcript Verlag, Sun Mar 25 06:00:48 CEST 3906, 0.0
195, 43, Ehen in Philippsburg, Reference book, Juliana zu Herwig, 895, Henschel Musik, Tue Oct 22 09:14:47 CEST 3912, 0.0
196, 43, Maria Stuart, Fanfiction, Arne Reinelt, 722, Philipp Reclam jun., Mon Jan 07 03:23:39 CET 3907, 0.0
197, 44, Der Besuch der alten Dame, Horror, Willy Biba, 286, Neumann Verlag, Wed Mar 12 00:26:17 CET 3913, 0.0
198, 44, Der Verdacht, Science fiction, Baron Cheyenne von der Pajonk, 39, Das Wort, Mon Aug 08 12:57:38 CEST 3904, 0.0
199, 44, Narziß und Goldmund, Crime/Detective, Graf Cecile Dahmen, 769, Junfermann Verlag, Fri Sep 05 04:46:18 CEST 3902, 0.0
200, 44, Biedermann und die Brandstifter, Folklore, Prof. Louise Travan, 416, Kurt Wolff Verlag, Sat Feb 03 12:26:29 CET 3917, 0.0
201, 44, Die verlorene Ehre der Katharina Blum, Historical fiction, Stefan vom Böttner, 192, Amadeus Verlag, Tue Dec 17 11:59:48 CET 3912, 0.0
202, 44, Lieutenant Gustl, Fairy tale, Mads vom Gehrig, 921, Weingarten Verlag, Tue Jun 05 16:26:46 CEST 3906, 0.0
203, 44, Maria Stuart, Fiction in verse, Lena zu Reiber, 305, Amadeus Verlag, Sat Mar 07 05:53:15 CET 3903, 0.0
204, 44, Narziß und Goldmund, Humor, Anabel Schellenbeck, 343, Bunte Raben Verlag, Tue May 15 17:06:26 CEST 3906, 0.0
205, 44, Leben des Galilei, Mythopoeia, Baronin Lola zu Franzmann, 324, Lichtung Verlag, Tue Jul 25 03:06:59 CEST 3905, 0.0
206, 45, Cleopatra, Reference book, Aylin Eichmann, 122, Hänssler Verlag, Mon Apr 12 00:45:37 CEST 3915, 0.0
207, 46, Die Marquise von O..., Fiction in verse, Steve von der Co, 291, Badischer Verlag, Mon Sep 04 16:51:10 CEST 3905, 0.0
208, 47, Billiard um halbzehn, Narrative nonfiction, Dr. Chantal Schönbeck, 44, Verlag moderne Industrie, Sat Apr 04 10:07:56 CEST 3903, 0.0
209, 47, Fabian, Fiction in verse, Onur Hohenberger, 600, Deutscher Verlag der Wissenschaften, Thu Dec 04 12:24:22 CET 3902, 0.0
210, 47, Der gute Mensch von Sezuan, Reference book, Penelope Pfingsten, 112, Acabus Verlag, Sat Apr 05 01:51:04 CEST 3902, 0.0
211, 48, Romeo und Julia auf dem Dorfe, Legend, Marina Schroder, 742, Schott Music, Sat Apr 12 01:25:56 CEST 3902, 0.0
212, 48, Die Blechtrommel, Reference book, Isa Gens, 964, Tectum Verlag, Thu Aug 19 08:37:20 CEST 3909, 0.0
213, 48, Die Weber, Essay, Sven von Dix, 737, Spitta-Verlag, Thu Jun 26 06:57:54 CEST 3902, 0.0
214, 48, Der gute Mensch von Sezuan, Crime/Detective, Ilias Floder, 185, Haupt Verlag, Mon Feb 01 18:29:00 CET 3909, 0.0
215, 48, Maria Stuart, Mythopoeia, Janne von Achkinadze, 561, Lichtung Verlag, Sat Dec 29 03:27:51 CET 3917, 0.0
216, 48, Atemschaukel, Short story, Sean zu Behrenbruch, 659, Kladdebuchverlag, Wed May 14 19:15:18 CEST 3902, 0.0
217, 48, Maria Stuart, Western, Jessy zu Green, 428, Ernst Eulenburg, Thu May 15 20:29:37 CEST 3902, 0.0
218, 48, Paare, Passanten, Speech, Falk Noack, 511, J. F. Ziegler KG Druckerei und Verlag, Wed Jul 03 15:00:01 CEST 3907, 0.0
219, 50, Romeo und Julia auf dem Dorfe, Reference book, Prof. Dr. Dr. Fynn Strausa, 471, Verlag Heinz Heise, Fri Nov 17 10:26:56 CET 3905, 0.0
220, 50, Hyperion oder der Eremit in Griechenland, Fiction narrative, Prof. Fine Spielvogel, 878, Geest-Verlag, Sun Aug 22 20:11:38 CEST 3909, 0.0
221, 50, Heidi, Mystery, Hasan Krull, 579, Morstadt Verlag, Mon Jul 26 11:03:15 CEST 3909, 0.0
222, 50, Der Sandmann, Biography/Autobiography, Ludwig Schersing, 282, Glaux Verlag Christine Jäger, Mon May 04 19:28:36 CEST 3914, 0.0
223, 50, Die Welt als Wille & Wahn, Horror, Gräfin Judy Knorr, 372, Romantruhe, Mon Feb 28 06:21:49 CET 3916, 0.0
224, 50, Wer einmal aus dem Blechnapf frisst, Western, Graf Sandra Mathiszik, 672, Verlag Heinz Heise, Fri Nov 02 07:17:12 CET 3900, 0.0
225, 50, Die Blechtrommel, Speech, Leticia von der Wagner, 1008, Konradin Mediengruppe, Sun Dec 06 04:50:00 CET 3903, 0.0
226, 50, Ansichten Eines Clowns, Fanfiction, Pascal Saile, 921, IKS Garamond Verlag, Sat May 13 20:29:27 CEST 3916, 0.0
227, 50, Götz von Berlichingen, Textbook, Calvin von der Bolm, 944, Silberburg-Verlag, Fri Oct 06 09:53:44 CEST 3916, 0.0
228, 51, Die Waffen nieder!, Narrative nonfiction, Asya Ehmann, 877, Kopp Verlag, Mon Mar 04 16:38:53 CET 3907, 0.0
229, 51, Panter, Tiger & Co., Legend, Frida zu Moede, 451, Bruno Gmünder Verlag, Wed May 26 06:52:21 CEST 3915, 0.0
230, 51, Der gute Mensch von Sezuan, Short story, Graf Nike vom Pletsch, 283, Andere Zeiten, Wed Jun 23 03:24:17 CEST 3915, 0.0
231, 51, Der abenteuerliche Simplicissimus, Speech, Hr. Steven Harnapp, 255, Ritter Verlag, Sun Jan 14 16:30:41 CET 3906, 0.0
232, 51, Der Ausflug der toten Mädchen, Tall tale, Sebastian Achkinadze, 979, Andere Zeiten, Wed Jul 11 04:12:17 CEST 3906, 0.0
233, 53, Frühlings Erwachen, Realistic fiction, Dr. Smilla Dold, 54, Das Arsenal, Tue Jul 16 13:56:20 CEST 3912, 0.0
234, 53, Wilhelm Tell, Legend, Riccardo Dittmar, 682, MM Verlag, Tue Sep 15 12:50:17 CEST 3914, 0.0
235, 53, Hyperion oder der Eremit in Griechenland, Biography/Autobiography, Malina Moedl, 560, Centaurus Verlag, Fri Apr 30 09:17:55 CEST 3909, 0.0
236, 53, Gehirne, Folklore, Abdul Sonn, 180, Zytglogge Verlag, Fri Feb 13 15:06:58 CET 3903, 0.0
237, 53, Woyzeck, Science fiction, Baron Karl Storp, 425, m+a Verlag für Messen, Ausstellungen und Kongresse, Mon Mar 26 15:57:01 CEST 3917, 0.0
238, 53, Cleopatra, Humor, Lucian Sussmann, 907, Verlag Schnell und Steiner, Tue May 15 17:25:16 CEST 3900, 0.0
239, 53, Ansichten Eines Clowns, Classic, Enes zu Muller, 694, Zauberkreis Verlag, Sun Oct 15 06:18:46 CEST 3916, 0.0
240, 53, Woyzeck, Folklore, Baron Jolin Waschbüsch, 678, Zwiebelzwerg Verlag, Sat Aug 01 23:50:16 CEST 3908, 0.0
241, 53, Siddhartha, Narrative nonfiction, Freiherr Dilara Grasse, 875, Johann Heinrich Meyer, Mon Mar 25 19:32:43 CET 3907, 0.0
242, 54, Der Vulkan, Speech, Johann Küter, 780, Kopp Verlag, Sun Mar 31 11:36:39 CEST 3901, 0.0
243, 54, Über das Studium der griechischen Poesie, Narrative nonfiction, Daniel vom Thränhardt, 724, Carl-Auer-Verlag, Thu Sep 13 06:07:32 CEST 3906, 0.0
244, 54, Die Marquise von O..., Mythology, Ana Ackermann, 507, Wilhelm Fink Verlag, Sat Apr 10 12:21:48 CEST 3915, 0.0
245, 54, Traumnovelle/Die Braut, Mythopoeia, Tuana Crews, 653, Esslinger Verlag J. F. Schreiber, Tue Nov 26 21:51:36 CET 3901, 0.0
246, 54, Narziß und Goldmund, Short story, Prof. Isa Lischka, 541, Kehrer Verlag, Tue Sep 23 17:03:36 CEST 3913, 0.0
247, 54, Cleopatra, Historical fiction, Baronin Tayler Gutjahr, 635, Mosaik Steinchen für Steinchen Verlag, Sun Sep 22 20:08:11 CEST 3907, 0.0
248, 54, Eiche und Angora, Fiction in verse, Ecrin von der Hütter, 504, Rhein Ruhr Verlag, Thu Mar 12 00:20:44 CET 3914, 0.0
249, 55, Ehen in Philippsburg, Fairy tale, Melisa Lieder, 559, Spektrum Akademischer Verlag, Fri Oct 25 20:18:25 CEST 3901, 0.0
250, 55, Mutter Courage und ihre Kinder, Suspense/Thriller, Livia Dressler, 845, Verlag moderne Industrie, Fri Oct 14 12:40:34 CEST 3904, 0.0
251, 56, Der eiserne Gustav, Narrative nonfiction, Freiherr Hamza zu Tiedtke, 127, Neumann Verlag, Tue Jun 10 22:03:59 CEST 3913, 0.0
252, 56, Unterm Rad, Horror, Baron Arian Stephan, 307, Wilhelm Fink Verlag, Mon May 07 18:35:10 CEST 3900, 0.0
253, 56, Iphigenie auf Tauris, Fiction narrative, Maxi Liebe, 663, Andere Zeiten, Mon Mar 23 12:40:50 CET 3903, 0.0
254, 56, Es geschah im Nachbarhaus, Narrative nonfiction, Amanda Nytra, 848, Peter Lang Verlagsgruppe, Thu Apr 11 11:10:36 CEST 3912, 0.0
255, 56, Die Leiden des jungen Werther, Humor, Graf Mehmet von Bartels, 610, Verlag Dr. Kova?, Tue Sep 27 04:16:33 CEST 3904, 0.0
256, 56, Dantons Tod, Fanfiction, Selma Kreissig, 455, Salleck Publications, Tue May 14 01:26:09 CEST 3912, 0.0
257, 57, Mutter Courage und ihre Kinder, Fairy tale, Baronin Len Schult, 880, Peter Lang Verlagsgruppe, Sun Aug 08 21:34:57 CEST 3909, 0.0
258, 57, Ganz unten, Legend, Rebekka Feuerbach, 263, NDV Neue Darmstädter Verlagsanstalt, Tue Jun 02 18:47:55 CEST 3903, 0.0
259, 57, Siddhartha, Humor, Graf Mareike Krämer, 253, Lichtdruck- und Bildverlag der Kunst, Mon Jun 24 09:33:19 CEST 3907, 0.0
260, 57, Maria Stuart, Narrative nonfiction, Freiherr Cecile vom Florczak, 719, Transpress Verlag, Sat Jul 24 07:30:25 CEST 3915, 0.0
261, 57, Der Zauberberg, Legend, Peter Lutz, 318, Kulturmaschinen, Sun Nov 10 21:20:52 CET 3907, 0.0
262, 57, Der Untertan, Mythology, Pauline von Moller, 453, luxbooks, Sat Mar 21 13:03:03 CET 3903, 0.0
263, 58, Der veruntreute Himmel, Biography/Autobiography, Freiherrin Uwe Schöckel, 713, Forum Media Group, Wed Sep 17 15:38:35 CEST 3913, 0.0
264, 58, Der Ausflug der toten Mädchen, Metafiction, Gräfin Melinda zu Schonberg, 1006, AZ Medien Gruppe, Sun Jul 09 18:00:23 CEST 3911, 0.0
265, 58, Katz und Maus, Humor, Freiherr Melis Reichardt, 290, IDEA Verlag, Tue Dec 10 10:39:28 CET 3912, 0.0
266, 58, Die Dreigroschenoper, Western, Anton Töpfer, 290, Zwiebelzwerg Verlag, Wed May 28 11:58:06 CEST 3902, 0.0
267, 58, Schachnovelle, Fable, Jari Uibel, 795, Edition Raetia, Wed Mar 20 10:07:47 CET 3912, 0.0
268, 58, Jedermann, Classic, Graf Darleen Kreissig, 388, Belser-Verlag, Thu Aug 31 12:13:31 CEST 3905, 0.0
269, 59, Die Panne, Mythology, Prof. Dr. Dr. Kimberly Sihler, 714, Bruno Gmünder Verlag, Mon Oct 30 22:05:46 CET 3905, 0.0
270, 59, Der grüne Heinrich, Biography/Autobiography, Prof. Dr. Lenia Waschbüsch, 236, AIM-Verlagshaus, Fri May 04 11:19:29 CEST 3917, 0.0
271, 59, Helden wie wir, Metafiction, Freiherrin Ruben Aryee, 50, Peter Hammer Verlag, Wed Jan 07 11:19:42 CET 3903, 0.0
